{
    "A": [
        [
            0.5,
            -0.020415856516073805
        ],
        [
            0.07918583429674192,
            0.5
        ]
    ],
    "B": [
        [
            0.021183057009820483
        ],
        [
            0.08378761586764735
        ]
    ],
    "C": [
        [
            1.0,
            0.0
        ],
        [
            0.0,
            1.0
        ]
    ]
}