{
    "A": [
        [
            0.5,
            0.011007049005665598
        ],
        [
            0.07524908084132562,
            0.5
        ]
    ],
    "B": [
        [
            0.06127837038123693,
            -0.060551614143281585
        ],
        [
            -0.04147722724235306,
            -0.018534774955607028
        ]
    ],
    "C": [
        [
            1.0,
            0.0
        ],
        [
            0.0,
            1.0
        ]
    ]
}