{
    "A": [
        [
            0.5,
            -0.03372719963023023,
            -0.053860328200517386
        ],
        [
            0.0,
            0.5,
            -0.014430994179190387
        ],
        [
            -0.00048237322503071056,
            0.0,
            0.5
        ]
    ],
    "B": [
        [
            0.03846964039062434
        ],
        [
            0.0609062475572853
        ],
        [
            0.015517015019793995
        ]
    ],
    "C": [
        [
            1.0,
            0.0,
            0.0
        ],
        [
            0.0,
            1.0,
            0.0
        ],
        [
            0.0,
            0.0,
            1.0
        ]
    ]
}