{
    "A": [
        [
            0.5,
            -0.03934311101072905,
            0.005623895579523738
        ],
        [
            -0.06918916619093161,
            0.5,
            0.0
        ],
        [
            0.0671707909939275,
            0.0,
            0.5
        ]
    ],
    "B": [
        [
            0.07374819201726332,
            0.07685730334617333
        ],
        [
            -0.0924780275384287,
            0.05205601888122721
        ],
        [
            0.01066644354147997,
            0.088251829493013
        ]
    ],
    "C": [
        [
            1.0,
            0.0,
            0.0
        ],
        [
            0.0,
            1.0,
            0.0
        ],
        [
            0.0,
            0.0,
            1.0
        ]
    ]
}