{
    "A": [
        [
            0.5,
            -0.051722690238005575,
            0.0671299695874786,
            0.08074772124441817
        ],
        [
            0.06867842984308711,
            0.5,
            -0.09499804035523117,
            -0.09935090628113397
        ],
        [
            0.012644997853753587,
            0.008687704737023474,
            0.5,
            -0.03502452843674474
        ],
        [
            -0.0982843310439132,
            -0.09291023589253569,
            -0.07356946665205698,
            0.5
        ]
    ],
    "B": [
        [
            -0.03773664767520708,
            -0.06538055415238034
        ],
        [
            0.017956874873092138,
            -0.005826731815080047
        ],
        [
            -0.07746636212089741,
            0.07384821426576832
        ],
        [
            -0.05067790765768481,
            -0.04986077319009133
        ]
    ],
    "C": [
        [
            1.0,
            0.0,
            0.0,
            0.0
        ],
        [
            0.0,
            1.0,
            0.0,
            0.0
        ],
        [
            0.0,
            0.0,
            1.0,
            0.0
        ],
        [
            0.0,
            0.0,
            0.0,
            1.0
        ]
    ]
}