{
    "A": [
        [
            0.5,
            0.06202847277048004,
            -0.05413006722243779,
            -0.09869692535927797
        ],
        [
            0.06056427696130015,
            0.5,
            0.09504915936296374,
            0.0752360717758577
        ],
        [
            -0.0534578962699328,
            -0.021731479692149697,
            0.5,
            0.0
        ],
        [
            0.04306783747922238,
            -0.032763542982593874,
            -0.04426593043339855,
            0.5
        ]
    ],
    "B": [
        [
            -0.06137324227740746
        ],
        [
            0.02946855139473392
        ],
        [
            -0.05175860030719784
        ],
        [
            -0.0022860072173340046
        ]
    ],
    "C": [
        [
            1.0,
            0.0,
            0.0,
            0.0
        ],
        [
            0.0,
            1.0,
            0.0,
            0.0
        ],
        [
            0.0,
            0.0,
            1.0,
            0.0
        ],
        [
            0.0,
            0.0,
            0.0,
            1.0
        ]
    ]
}