{
    "A": [
        [
            0.5,
            0.05009514842131413,
            -0.0367178273250955,
            0.0004522645200690373,
            0.0
        ],
        [
            0.010647409588009402,
            0.5,
            0.0,
            -0.06992343587272332,
            -0.0098156222081629
        ],
        [
            0.0797153216437628,
            -0.0007972586059611791,
            0.5,
            0.006569302066469912,
            0.04695030858650523
        ],
        [
            -0.06225825876022617,
            -0.08823079755735924,
            0.05805206943753993,
            0.5,
            0.0
        ],
        [
            0.02777665232775356,
            0.061456805797181796,
            -0.06156067007467628,
            0.019644742549287636,
            0.5
        ]
    ],
    "B": [
        [
            0.0022973431387327825,
            0.07592008422460089
        ],
        [
            0.06663123133221502,
            0.04010503006869187
        ],
        [
            0.018319468183029278,
            -0.0964731226871628
        ],
        [
            -0.05371128435182722,
            -0.09464954054063968
        ],
        [
            -0.08465674740583207,
            -0.05678211748894049
        ]
    ],
    "C": [
        [
            1.0,
            0.0,
            0.0,
            0.0,
            0.0
        ],
        [
            0.0,
            1.0,
            0.0,
            0.0,
            0.0
        ],
        [
            0.0,
            0.0,
            1.0,
            0.0,
            0.0
        ],
        [
            0.0,
            0.0,
            0.0,
            1.0,
            0.0
        ],
        [
            0.0,
            0.0,
            0.0,
            0.0,
            1.0
        ]
    ]
}