{
    "A": [
        [
            0.5,
            0.0694730972331441,
            -0.08610803175940561,
            -0.03839370796139823,
            0.09900742470268209,
            -0.008575136056441404
        ],
        [
            0.016997442967527615,
            0.5,
            0.09403103730467488,
            0.0,
            0.0684736298541386,
            0.053644428495684154
        ],
        [
            0.0718935214823205,
            -0.05145479898374144,
            0.5,
            -0.05977351984603688,
            0.012432881776183846,
            0.02970684174372179
        ],
        [
            0.07449573173852694,
            0.05189229318449115,
            -0.06009478843399592,
            0.5,
            -0.021967969165664944,
            0.03792592038052839
        ],
        [
            -0.018537707527995467,
            -0.020068756157228945,
            -0.06072743941760899,
            -0.0034181931536431814,
            0.5,
            -0.0806935876818719
        ],
        [
            0.03708251660793421,
            0.01109762953681484,
            0.0,
            0.026783620401273994,
            0.025950493128038654,
            0.5
        ]
    ],
    "B": [
        [
            0.05720338889134893,
            -0.025054847930943147
        ],
        [
            -0.08159834830708552,
            0.0569862329320075
        ],
        [
            0.09520962746840583,
            -0.08452079631290309
        ],
        [
            -0.06857886228895699,
            -0.0384257441418195
        ],
        [
            -0.0019388585924976082,
            0.02204288696760333
        ],
        [
            0.01153589970435083,
            0.08718499496160467
        ]
    ],
    "C": [
        [
            1.0,
            0.0,
            0.0,
            0.0,
            0.0,
            0.0
        ],
        [
            0.0,
            1.0,
            0.0,
            0.0,
            0.0,
            0.0
        ],
        [
            0.0,
            0.0,
            1.0,
            0.0,
            0.0,
            0.0
        ],
        [
            0.0,
            0.0,
            0.0,
            1.0,
            0.0,
            0.0
        ],
        [
            0.0,
            0.0,
            0.0,
            0.0,
            1.0,
            0.0
        ],
        [
            0.0,
            0.0,
            0.0,
            0.0,
            0.0,
            1.0
        ]
    ]
}