{
    "A": [
        [
            0.5,
            0.0,
            0.06447960391035135,
            0.0977847822376674,
            0.09091756391982939,
            0.0698615984816156,
            0.021326957917619738
        ],
        [
            0.04888658940093574,
            0.5,
            0.08341172800570407,
            0.07849296715412282,
            0.055325030896627825,
            0.0171910668299083,
            -0.09984671212844638
        ],
        [
            -0.03094522945358072,
            -0.02357558896711809,
            0.5,
            0.019425909261516466,
            0.020328265238150317,
            2.1792229313463696e-05,
            0.07962302926674106
        ],
        [
            -0.0644870809592665,
            0.03158471126597687,
            -0.05365877996162145,
            0.5,
            0.06611196795901231,
            0.0,
            0.04827414114199746
        ],
        [
            -0.019514267086764403,
            0.062470779509623764,
            -0.09540484778476695,
            0.038837464815271616,
            0.5,
            0.043868676198435375,
            0.09288744101742463
        ],
        [
            0.0,
            0.010201469367106156,
            -0.0986381802812541,
            0.021630515591152435,
            -0.05612574108498112,
            0.5,
            0.0014821035243552938
        ],
        [
            -0.07271682684289012,
            -0.08151339946665702,
            0.06763594663047348,
            -0.02837791244681423,
            -0.05878783208229735,
            -0.02577514968014076,
            0.5
        ]
    ],
    "B": [
        [
            -0.03962753175859721,
            -0.05518292320937628
        ],
        [
            -0.014638361035982997,
            -0.05585358083610428
        ],
        [
            -0.08616424614635672,
            0.08970689676544957
        ],
        [
            0.05462355869865254,
            0.03360175106209584
        ],
        [
            0.08427623018813551,
            -0.08683537113155669
        ],
        [
            -0.01275943139456974,
            -0.09053780329795694
        ],
        [
            0.003783795632404302,
            -0.049128119168096035
        ]
    ],
    "C": [
        [
            1.0,
            0.0,
            0.0,
            0.0,
            0.0,
            0.0,
            0.0
        ],
        [
            0.0,
            1.0,
            0.0,
            0.0,
            0.0,
            0.0,
            0.0
        ],
        [
            0.0,
            0.0,
            1.0,
            0.0,
            0.0,
            0.0,
            0.0
        ],
        [
            0.0,
            0.0,
            0.0,
            1.0,
            0.0,
            0.0,
            0.0
        ],
        [
            0.0,
            0.0,
            0.0,
            0.0,
            1.0,
            0.0,
            0.0
        ],
        [
            0.0,
            0.0,
            0.0,
            0.0,
            0.0,
            1.0,
            0.0
        ],
        [
            0.0,
            0.0,
            0.0,
            0.0,
            0.0,
            0.0,
            1.0
        ]
    ]
}