{
    "A": [
        [
            0.5,
            0.06789570467164868,
            0.06862567894454236,
            0.0,
            0.024958499748051047,
            -0.07725471459002564,
            0.0,
            -0.09375035873777443
        ],
        [
            -0.04763021111108572,
            0.5,
            0.09471888196135345,
            -0.04402917760721603,
            -0.06823987100660174,
            -0.07094242553895312,
            0.03934224583771309,
            -0.06163875143754201
        ],
        [
            -0.06932424118404412,
            0.043580358968918875,
            0.5,
            -0.028576642959585508,
            -0.014426211475098552,
            0.0,
            0.08260953258164655,
            0.0544436351455613
        ],
        [
            -0.08650209723515068,
            0.0,
            -0.07403210105492866,
            0.5,
            -0.06281083655063,
            0.05726553392262351,
            -0.02962262673316067,
            0.06771932741851927
        ],
        [
            0.0,
            0.06261007430770998,
            0.049409283829527195,
            -0.07399193797400792,
            0.5,
            -0.0003913917859013072,
            -0.08311789306750572,
            -0.06771915544311087
        ],
        [
            -0.07414814059177476,
            0.07171063173928749,
            -0.024924462124496574,
            -0.05304545689777265,
            0.025611174389209457,
            0.5,
            0.008799468350884326,
            0.0
        ],
        [
            0.0,
            0.0,
            0.09754194941912045,
            0.03930553769618053,
            -0.03745403616236312,
            0.0,
            0.5,
            -0.041463599414520026
        ],
        [
            -0.07503807104602296,
            0.019872284311349686,
            0.06562351120709037,
            -0.016615858643325626,
            -0.061862832832330183,
            0.07567491582255223,
            -0.061145504719668065,
            0.5
        ]
    ],
    "B": [
        [
            0.017664947898865566,
            0.027853468252399316
        ],
        [
            0.04371564017525764,
            -0.023119903148718507
        ],
        [
            -0.09454752619806202,
            0.09219590879643913
        ],
        [
            0.033240836051975836,
            0.01469988670600679
        ],
        [
            -0.023259405148442713,
            0.08978030824113775
        ],
        [
            0.03140247758641529,
            0.05425449890855413
        ],
        [
            0.0788667025804329,
            -0.08122536761375727
        ],
        [
            0.007896927053625574,
            0.02474052451655287
        ]
    ],
    "C": [
        [
            1.0,
            0.0,
            0.0,
            0.0,
            0.0,
            0.0,
            0.0,
            0.0
        ],
        [
            0.0,
            1.0,
            0.0,
            0.0,
            0.0,
            0.0,
            0.0,
            0.0
        ],
        [
            0.0,
            0.0,
            1.0,
            0.0,
            0.0,
            0.0,
            0.0,
            0.0
        ],
        [
            0.0,
            0.0,
            0.0,
            1.0,
            0.0,
            0.0,
            0.0,
            0.0
        ],
        [
            0.0,
            0.0,
            0.0,
            0.0,
            1.0,
            0.0,
            0.0,
            0.0
        ],
        [
            0.0,
            0.0,
            0.0,
            0.0,
            0.0,
            1.0,
            0.0,
            0.0
        ],
        [
            0.0,
            0.0,
            0.0,
            0.0,
            0.0,
            0.0,
            1.0,
            0.0
        ],
        [
            0.0,
            0.0,
            0.0,
            0.0,
            0.0,
            0.0,
            0.0,
            1.0
        ]
    ]
}